Platform,Service_Title,Details,Price,Link,Image_Path
MahirCompany,AC General Service,- Per AC (1 to 2.5 tons),Rs:3300,https://mahircompany.com/ac-general-service,image3/mahir_1.jpg
MahirCompany,AC installation,- Installation with 10 Feet pipe (1 to 2.5 tons),Rs:5100,https://mahircompany.com/ac-installation,image3/mahir_2.jpg
MahirCompany,AC Repairing,- Visit and Inspection Charges,Rs:1000,https://mahircompany.com/ac-repairing,image3/mahir_3.jpg
MahirCompany,AC Mounting and Dismounting,- Per AC (1 to 2.5 tons),Rs:6400,https://mahircompany.com/ac-mounting-and-dismounting,image3/mahir_4.jpg
MahirCompany,AC Dismounting,- Per AC (1 to 2.5 tons),Rs:1200,https://mahircompany.com/ac-dismounting,image3/mahir_5.jpg
MahirCompany,AC Mounting and Dismounting + AC General Service,- Per AC (1 to 2.5 tons),Rs:8500,https://mahircompany.com/ac-mounting-and-dismounting-ac-general-service,image3/mahir_6.jpg
MahirCompany,Mixer Tap Installation,- Per Tap,Rs:950,https://mahircompany.com/mixer-tap-installation,image3/mahir_7.jpg
MahirCompany,Single tap Installation,- Per Tap (Discount on more than 2),Rs:900,https://mahircompany.com/single-tap-installation,image3/mahir_8.jpg
MahirCompany,Sink Spindle Change,- Starting From,Rs:900,https://mahircompany.com/sink-spindle-change,image3/mahir_9.jpg
MahirCompany,Muslim Shower Replacement,- Per Muslim Shower,Rs:950,https://mahircompany.com/muslim-shower-replacement,image3/mahir_10.jpg
MahirCompany,Water Motor Installation,- Vary After Inspection,Rs:1350,https://mahircompany.com/water-motor-installation,image3/mahir_11.jpg
MahirCompany,Kitchen Leakage Repairing,- Visit and Inspection Charges,Rs:600,https://mahircompany.com/kitchen-leakage-repairing,image3/mahir_12.jpg
MahirCompany,Commode Tank Machine Repairing,- Per Tank,Rs:1350,https://mahircompany.com/commode-tank-machine-repairing,image3/mahir_13.jpg
MahirCompany,Hot or Cold Water Piping,- Visit and Inspection Charges,Rs:1000,https://mahircompany.com/hot-or-cold-water-piping,image3/mahir_14.jpg
MahirCompany,Washroom Accessory Installation,"- Bathroom Shelves, Soap Dispensers, Towel Rails, Toothbrush Holders",Rs:2000,https://mahircompany.com/washroom-accessory-installation,image3/mahir_15.jpg
MahirCompany,Kitchen Drain Blockage,- Vary After Inspection,Rs:1200,https://mahircompany.com/kitchen-drain-blockage,image3/mahir_16.jpg
MahirCompany,Automatic Washing Machine Installation (With Wiring),- Vary After inspection,Rs:2800,https://mahircompany.com/automatic-washing-machine-installation-with-wiring,image3/mahir_17.jpg
MahirCompany,Commode Tank Machine Replacement,- Per Tank,Rs:1200,https://mahircompany.com/commode-tank-machine-replacement,image3/mahir_18.jpg
MahirCompany,Water Motor Repairing,- Visit and Inspection Charges,Rs:1000,https://mahircompany.com/water-motor-repairing,image3/mahir_19.jpg
MahirCompany,Oven Range Service,- Per Oven Range,Rs:1800,https://mahircompany.com/oven-range-service,image3/mahir_20.jpg
MahirCompany,Water Tank Supply Issue,- Visit and Inspection Charges,Rs:900,https://mahircompany.com/water-tank-supply-issue,image3/mahir_21.jpg
MahirCompany,Gas Pipe Wiring,- Visit and Inspection Charges,Rs:900,https://mahircompany.com/gas-pipe-wiring,image3/mahir_22.jpg
MahirCompany,House Plumbing Work,- Visit and Inspection Charges,Rs:900,https://mahircompany.com/house-plumbing-work,image3/mahir_23.jpg
MahirCompany,Commode Installation,- Vary After inspection,Rs:2800,https://mahircompany.com/commode-installation,image3/mahir_24.jpg
MahirCompany,Pipeline Water Leakage,- Visit and Inspection Charges,Rs:900,https://mahircompany.com/pipeline-water-leakage,image3/mahir_25.jpg
MahirCompany,Drain Pipe Installation,- Visit and Inspection Charges,Rs:900,https://mahircompany.com/drain-pipe-installation,image3/mahir_26.jpg
MahirCompany,Sink Installation,- Starting From,Rs:1800,https://mahircompany.com/sink-installation,image3/mahir_27.jpg
MahirCompany,Sink Pipe Replacement,- Vary After Inspection,Rs:900,https://mahircompany.com/sink-pipe-replacement,image3/mahir_28.jpg
MahirCompany,Water Tank Installation,- Visit and Inspection Charges,Rs:800,https://mahircompany.com/water-tank-installation,image3/mahir_29.jpg
MahirCompany,Automatic Washing Machine Installation (Without Wiring),- Vary After inspection,Rs:2000,https://mahircompany.com/automatic-washing-machine-installation-without-wiring,image3/mahir_30.jpg
MahirCompany,Handle Valve Replacement,- Vary After Inspection,Rs:1200,https://mahircompany.com/handle-valve-replacement,image3/mahir_31.jpg
MahirCompany,Handle Valve installation,- Vary After Inspection,Rs:1000,https://mahircompany.com/handle-valve-installation,image3/mahir_32.jpg
MahirCompany,Bath Shower Installation,- Vary After Inspection,Rs:1800,https://mahircompany.com/bath-shower-installation,image3/mahir_33.jpg
MahirCompany,Washbasin Installation,- Starting From,Rs:1500,https://mahircompany.com/washbasin-installation,image3/mahir_34.jpg
MahirCompany,Ceiling Fan Installation,- Per Fan,Rs:900,https://mahircompany.com/ceiling-fan-installation,image3/mahir_35.jpg
MahirCompany,SMD Lights Installation (Without Wiring),- Per Light (Discount on more then 2),Rs:800,https://mahircompany.com/smd-lights-installation-without-wiring,image3/mahir_36.jpg
MahirCompany,32-42 Inch LED TV or LCD Mounting,- Vary After Inspection,Rs:1500,https://mahircompany.com/32-42-inch-led-tv-or-lcd-mounting,image3/mahir_37.jpg
MahirCompany,Switchboard Button Replacement,- Vary After Inspection,Rs:800,https://mahircompany.com/switchboard-button-replacement,image3/mahir_38.jpg
MahirCompany,Change Over Switch Installation,- Vary After Inspection,Rs:1500,https://mahircompany.com/change-over-switch-installation,image3/mahir_39.jpg
MahirCompany,Pressure Motor Installation,- Visit and Inspection charges,Rs:800,https://mahircompany.com/pressure-motor-installation,image3/mahir_40.jpg
MahirCompany,Single Phase Breaker Replacement,- Starting From,Rs:900,https://mahircompany.com/single-phase-breaker-replacement,image3/mahir_41.jpg
MahirCompany,Single Phase Distribution Box Installation,- Starting From,Rs:2200,https://mahircompany.com/single-phase-distribution-box-installation,image3/mahir_42.jpg
MahirCompany,Water Tank Automatic Switch Installation,- Vary After Inspection,Rs:900,https://mahircompany.com/water-tank-automatic-switch-installation,image3/mahir_43.jpg
MahirCompany,Manual Washing machine repairing,- Visit and Inspection charges,Rs:900,https://mahircompany.com/manual-washing-machine-repairing,image3/mahir_44.jpg
MahirCompany,Fan Dimmer Switch Installation,- Vary After Inspection,Rs:800,https://mahircompany.com/fan-dimmer-switch-installation,image3/mahir_45.jpg
MahirCompany,UPS Repairing,- Visit and Inspection charges,Rs:900,https://mahircompany.com/ups-repairing,image3/mahir_46.jpg
MahirCompany,UPS installation (Without Wiring),- Vary After Inspection,Rs:1800,https://mahircompany.com/ups-installation-without-wiring,image3/mahir_47.jpg
MahirCompany,Exhaust Fan Installation,- Per Fan (Fit in existing hole),Rs:900,https://mahircompany.com/exhaust-fan-installation,image3/mahir_48.jpg
MahirCompany,New House Wiring,- Visit and Inspection charges,Rs:800,https://mahircompany.com/new-house-wiring,image3/mahir_49.jpg
MahirCompany,Water Pump Repairing,- Visit and Inspection Charges,Rs:800,https://mahircompany.com/water-pump-repairing,image3/mahir_50.jpg
MahirCompany,Electrical Wiring,- Visit and Inspection charges,Rs:800,https://mahircompany.com/electrical-wiring,image3/mahir_51.jpg
MahirCompany,House Electric Work,- Visit and Inspection Charges,Rs:900,https://mahircompany.com/house-electric-work,image3/mahir_52.jpg
MahirCompany,Door Pillar Lights,- Vary After inspection,Rs:800,https://mahircompany.com/door-pillar-lights,image3/mahir_53.jpg
MahirCompany,Fancy Light Installation (Without Wiring),- Per Light (Discount on more then 2),Rs:900,https://mahircompany.com/fancy-light-installation-without-wiring,image3/mahir_54.jpg
MahirCompany,UPS Wiring,- Visit and Inspection charges,Rs:800,https://mahircompany.com/ups-wiring,image3/mahir_55.jpg
MahirCompany,LED TV Dismounting,- Per LED/LCD,Rs:900,https://mahircompany.com/led-tv-dismounting,image3/mahir_56.jpg
MahirCompany,Kitchen Hood Repairing,- Visit and Inspection charges,Rs:900,https://mahircompany.com/kitchen-hood-repairing,image3/mahir_57.jpg
MahirCompany,Automatic Washing Machine Repairing,- Visit and Inspection Charges,Rs:1000,https://mahircompany.com/automatic-washing-machine-repairing,image3/mahir_58.jpg
MahirCompany,Kitchen Hood Installation,- Visit and Inspection charges,Rs:900,https://mahircompany.com/kitchen-hood-installation,image3/mahir_59.jpg
MahirCompany,Fancy Light Installation (With Wiring),- Per Light (Discount on more then 2),Rs:1200,https://mahircompany.com/fancy-light-installation-with-wiring,image3/mahir_60.jpg
MahirCompany,SMD Lights Installation (With Wiring),- Per Light (Discount on more then 2),Rs:900,https://mahircompany.com/smd-lights-installation-with-wiring,image3/mahir_61.jpg
MahirCompany,Switchboard Socket Replacement,- Per Socket,Rs:800,https://mahircompany.com/switchboard-socket-replacement,image3/mahir_62.jpg
MahirCompany,Power Plug Installation (Without Wiring),- Per Plug,Rs:900,https://mahircompany.com/power-plug-installation-without-wiring,image3/mahir_63.jpg
MahirCompany,Power Plug Installation (With Wiring),- Vary After Inspection,Rs:1000,https://mahircompany.com/power-plug-installation-with-wiring,image3/mahir_64.jpg
MahirCompany,Light Plug (With Wiring),- Vary After Inspection,Rs:800,https://mahircompany.com/light-plug-with-wiring,image3/mahir_65.jpg
MahirCompany,Light Plug (Without Wiring),- Per Plug,Rs:800,https://mahircompany.com/light-plug-without-wiring,image3/mahir_66.jpg
MahirCompany,Ceiling Fan Repairing,- Visit & Inspection Charges,Rs:800,https://mahircompany.com/ceiling-fan-repairing,image3/mahir_67.jpg
MahirCompany,43-65 Inch LED TV or LCD Mounting,- Starting from Per LED/LCD,Rs:2000,https://mahircompany.com/43-65-inch-led-tv-or-lcd-mounting,image3/mahir_68.jpg
MahirCompany,Tube light Installation,- Per Tube Light,Rs:800,https://mahircompany.com/tube-light-installation,image3/mahir_69.jpg
MahirCompany,Tube Light Replacement,- Per Tube Light,Rs:800,https://mahircompany.com/tube-light-replacement,image3/mahir_70.jpg
MahirCompany,Tube Light Repairing,- Visit & Inspection Charges,Rs:800,https://mahircompany.com/tube-light-repairing,image3/mahir_71.jpg
MahirCompany,Sub-Meter Installation,- Starting From,Rs:1200,https://mahircompany.com/submeter-installation,image3/mahir_72.jpg
MahirCompany,Curtain Rod Installation,- Per Rod,Rs:800,https://mahircompany.com/curtain-rod-installation,image3/mahir_73.jpg
MahirCompany,Art Hanging,- Per Piece,Rs:800,https://mahircompany.com/art-hanging,image3/mahir_74.jpg
MahirCompany,Mirror hanging,- Vary After Inspection,Rs:800,https://mahircompany.com/mirror-hanging,image3/mahir_75.jpg
MahirCompany,Picture Hanging,- Per Picture,Rs:800,https://mahircompany.com/picture-hanging,image3/mahir_76.jpg
MahirCompany,Shelf Hanging,- Vary After Inspection,Rs:800,https://mahircompany.com/shelf-hanging,image3/mahir_77.jpg
MahirCompany,Room Clock Hanging,- Per Clock,Rs:800,https://mahircompany.com/room-clock-hanging,image3/mahir_78.jpg
MahirCompany,Wardrobe Repairing,- Visit & Inspection Charges,Rs:800,https://mahircompany.com/wardrobe-repairing,image3/mahir_79.jpg
MahirCompany,Door Installation,- Starting From,Rs:1500,https://mahircompany.com/door-installation,image3/mahir_80.jpg
MahirCompany,Door Repairing,- Visit & Inspection Charges,Rs:800,https://mahircompany.com/door-repairing,image3/mahir_81.jpg
MahirCompany,Carpenter Work,- Visit & Inspection Charges,Rs:800,https://mahircompany.com/carpenter-work,image3/mahir_82.jpg
MahirCompany,Drawer Repairing,- Vary After Inspection,Rs:800,https://mahircompany.com/drawer-repairing,image3/mahir_83.jpg
MahirCompany,Furniture Repairing,- Visit & Inspection Charges,Rs:500,https://mahircompany.com/furniture-repairing,image3/mahir_84.jpg
MahirCompany,Room Door Lock installation,- Vary After inspection,Rs:1500,https://mahircompany.com/room-door-lock-installation,image3/mahir_85.jpg
MahirCompany,Drawer Lock installation,- Per Lock,Rs:800,https://mahircompany.com/drawer-lock-installation,image3/mahir_86.jpg
MahirCompany,Catcher Replacement,- Per Catcher,Rs:800,https://mahircompany.com/catcher-replacement,image3/mahir_87.jpg
MahirCompany,House Paint (outdoor),- Visit & Inspection Charges,Rs:800,https://mahircompany.com/house-paint-outdoor,image3/mahir_88.jpg
MahirCompany,House Paint (indoor),- Visit & Inspection Charges,Rs:800,https://mahircompany.com/house-paint-indoor,image3/mahir_89.jpg
MahirCompany,Furniture Polishing,- Visit & Inspection Charges,Rs:800,https://mahircompany.com/furniture-polishing,image3/mahir_90.jpg
MahirCompany,Gray structure Paint,- Visit & Inspection Charges,Rs:800,https://mahircompany.com/gray-structure-paint,image3/mahir_91.jpg
MahirCompany,Door Polish,- Visit & Inspection Charges,Rs:800,https://mahircompany.com/door-polish,image3/mahir_92.jpg
MahirCompany,Tables Polish,- Visit & Inspection Charges,Rs:800,https://mahircompany.com/tables-polish,image3/mahir_93.jpg
MahirCompany,Window Paint,- Visit & Inspection Charges,Rs:800,https://mahircompany.com/window-paint,image3/mahir_94.jpg
MahirCompany,Wooden Door Paint,- Visit & Inspection Charges,Rs:800,https://mahircompany.com/wooden-door-paint,image3/mahir_95.jpg
MahirCompany,Cooking Range Repairing,- Visit & Inspection Charges,Rs:800,https://mahircompany.com/cooking-range-repairing-home-appliances-repair,image3/mahir_96.jpg
MahirCompany,Automatic Washing Machine Repairing,- Visit & Inspection Charges,Rs:1000,https://mahircompany.com/automatic-washing-machine-repairing-home-appliances-repair,image3/mahir_97.jpg
MahirCompany,Oven Range Services,- Per Oven Range,Rs:3000,https://mahircompany.com/oven-range-services-home-appliances-repair,image3/mahir_98.jpg
MahirCompany,Kitchen Hood Installation,- Visit and Inspection charges,Rs:1000,https://mahircompany.com/kitchen-hood-installation-home-appliances-repair,image3/mahir_99.jpg
MahirCompany,Kitchen Hood Repairing,- Visit and Inspection charges,Rs:1000,https://mahircompany.com/kitchen-hood-repairing-home-appliances-repair,image3/mahir_100.jpg
MahirCompany,Automatic Washing Machine General Service,- Top-Loaded ( Per Washing Machine ),Rs:5000,https://mahircompany.com/automatic-washing-machine-general-service-home-appliances-repair,image3/mahir_101.jpg
MahirCompany,General Fumigation,- Starting From,Rs:4500,https://mahircompany.com/general-fumigation,image3/mahir_102.jpg
MahirCompany,Cockroach Treatment,- Starting From,Rs:4500,https://mahircompany.com/cockroach-treatment,image3/mahir_103.jpg
MahirCompany,Bed Bugs Treatment,- Starting From,Rs:7500,https://mahircompany.com/bed-bugs-treatment,image3/mahir_104.jpg
MahirCompany,Dengue Spray,- Starting From,Rs:6000,https://mahircompany.com/dengue-spray,image3/mahir_105.jpg
MahirCompany,Disinfection Services,- Starting From,Rs:6000,https://mahircompany.com/disinfection-services,image3/mahir_106.jpg
MahirCompany,Sofa Cleaning,- Per Seat Included 18 x18 Inch Cushion,Rs:500,https://mahircompany.com/sofa-cleaning,image3/mahir_107.jpg
MahirCompany,7 Seater Sofa Set Cleaning,- Included 18 x18 Inch Cushion,Rs:3500,https://mahircompany.com/7-seater-sofa-set-cleaning-services,image3/mahir_108.jpg
MahirCompany,5 Seater Sofa Set Cleaning,- Included 18 x18 Inch Cushion,Rs:2500,https://mahircompany.com/5-seater-sofa-set-cleaning-services,image3/mahir_109.jpg
MahirCompany,6 Seater Sofa Set Cleaning,- Included 18 x18 Inch Cushion,Rs:3000,https://mahircompany.com/6-seater-sofa-set-cleaning-services,image3/mahir_110.jpg
MahirCompany,Dewan Cleaning,- Per Dewan,Rs:1500,https://mahircompany.com/dewan-cleaning,image3/mahir_111.jpg
MahirCompany,Sofa Cum Bed Cleaning,- Per Sofa Cum Bed,Rs:2400,https://mahircompany.com/sofa-cum-bed-cleaning,image3/mahir_112.jpg
MahirCompany,10 Seater Sofa Cleaning,- Included 18 x18 Inch Cushion,Rs:5000,https://mahircompany.com/10-seater-sofa-cleaning,image3/mahir_113.jpg
MahirCompany,Chair Cleaning - 4 Seats,- Discounted Price,Rs:1400,https://mahircompany.com/chair-cleaning-4-seats,image3/mahir_114.jpg
MahirCompany,Chair Cleaning - 6 Seats,- Discounted Price,Rs:2000,https://mahircompany.com/chair-cleaning-6-seats,image3/mahir_115.jpg
MahirCompany,Chair Cleaning - 8 Seats,- Discounted Price,Rs:4000,https://mahircompany.com/chair-cleaning-8-seats,image3/mahir_116.jpg
MahirCompany,Chair Cleaning - 10 Seats,- Discounted Price,Rs:4800,https://mahircompany.com/chair-cleaning-10-seats,image3/mahir_117.jpg
MahirCompany,Chair Cleaning - 12 Seats,- Discounted Price,Rs:5400,https://mahircompany.com/chair-cleaning-12-seats,image3/mahir_118.jpg
MahirCompany,Carpet Cleaning,- Per SQFT,Rs:36,https://mahircompany.com/carpet-cleaning,image3/mahir_119.jpg
MahirCompany,Rug Cleaning,- Per SQFT,Rs:44,https://mahircompany.com/rug-cleaning,image3/mahir_120.jpg
MahirCompany,Curtain Cleaning,- Per Curtain (8/6 & 8/8 Feet),Rs:1500,https://mahircompany.com/curtain-cleaning,image3/mahir_121.jpg
MahirCompany,Blind Cleaning,- Per Blind (8/6 & 8/8 Feet),Rs:1500,https://mahircompany.com/blind-cleaning,image3/mahir_122.jpg
MahirCompany,Single Mattress Cleaning,- Per Mattress,Rs:3100,https://mahircompany.com/single-mattress-cleaning,image3/mahir_123.jpg
MahirCompany,Double Mattress Cleaning,- Per Mattress,Rs:3700,https://mahircompany.com/double-mattress-cleaning,image3/mahir_124.jpg
MahirCompany,Plastic Water Tank Cleaning,- (150-300) Gallons,Rs:3000,https://mahircompany.com/plastic-water-tank-cleaning,image3/mahir_125.jpg
MahirCompany,Plastic Water Tank Cleaning,- (350-500) Gallons,Rs:3400,https://mahircompany.com/plastic-water-tank-cleaning-350-to-500-gallons,image3/mahir_126.jpg
MahirCompany,Plastic Water Tank Cleaning,- (550-1000) Gallons,Rs:3600,https://mahircompany.com/plastic-water-tank-cleaning-550-to-1000-gallons,image3/mahir_127.jpg
MahirCompany,Cement Tank Cleaning,- 3/5ft to 5/5ft,Rs:2500,https://mahircompany.com/cement-tank-cleaning,image3/mahir_128.jpg
MahirCompany,Cement Tank Cleaning,- 6/6ft to 8/8ft,Rs:3000,https://mahircompany.com/cement-tank-cleaning-6-to-8-ft,image3/mahir_129.jpg
MahirCompany,Cement Tank Cleaning,- 9/9ft to 12/12ft,Rs:5000,https://mahircompany.com/cement-tank-cleaning-9-to-10-ft,image3/mahir_130.jpg
MahirCompany,Full House Deep Cleaning 3 To 10 Marla,"- Book Survey, Visit & Survey Charges",Rs:500,https://mahircompany.com/full-house-deep-cleaning,image3/mahir_131.jpg
MahirCompany,Room Deep Cleaning 3 To 10 Marla,- Starting From,Rs:2500,https://mahircompany.com/room-deep-cleaning,image3/mahir_132.jpg
MahirCompany,Kitchen Deep Cleaning 3 To 10 Marla,- Starting From,Rs:4000,https://mahircompany.com/kitchen-deep-cleaning-services,image3/mahir_133.jpg
MahirCompany,Washroom Deep Cleaning 3 To 10 Marla,- Starting From,Rs:2800,https://mahircompany.com/washroom-deep-cleaning,image3/mahir_134.jpg
MahirCompany,Full House Deep Cleaning 11 Marla To 3 Kanal,"- Book Survey, Visit & Survey Charges",Rs:500,,image3/mahir_135.jpg
MahirCompany,Room Deep Cleaning 11 Marla To 3 Kanal,- Starting From,Rs:3200,,image3/mahir_136.jpg
MahirCompany,Kitchen Deep Cleaning 11 Marla To 3 Kanal,- Starting From,Rs:5000,,image3/mahir_137.jpg
MahirCompany,Washroom Deep Cleaning 10 Marla To 2 Kanal,- Starting From,Rs:3500,,image3/mahir_138.jpg
MahirCompany,Car Detailing Hatchback,"Seats removing and cleaning
Interior cleaning
Dash board polishing
Engine cleaning
Shampoo body wash
Compound polishing",Rs:10000,https://mahircompany.com/car-detailing-hatchback,image3/mahir_139.jpg
MahirCompany,Car Detailing Sedan,"Seats removing and cleaning
Interior cleaning
Dash board polishing
Engine cleaning
Shampoo body wash
Compound polishing",Rs:12000,https://mahircompany.com/car-detailing-sedan,image3/mahir_140.jpg
MahirCompany,Car Detailing Luxury Sedan,"Seats removing and cleaning
Interior cleaning
Dash board polishing
Engine cleaning
Shampoo body wash
Compound polishing",Rs:12000,https://mahircompany.com/car-detailing-luxury-sedan,image3/mahir_141.jpg
MahirCompany,Car Detailing Crossover,"Seats removing and cleaning
Interior cleaning
Dash board polishing
Engine cleaning
Shampoo body wash
Compound polishing",Rs:14000,https://mahircompany.com/car-detailing-crossover,image3/mahir_142.jpg
MahirCompany,Car Detailing SUV,"Seats removing and cleaning
Interior cleaning
Dash board polishing
Engine cleaning
Shampoo body wash
Compound polishing",Rs:15000,https://mahircompany.com/car-detailing-suv,image3/mahir_143.jpg
MahirCompany,Car Detailing Minivan,"Seats removing and cleaning
Interior cleaning
Dash board polishing
Engine cleaning
Shampoo body wash
Compound polishing",Rs:10000,https://mahircompany.com/car-detailing-minivan,image3/mahir_144.jpg
MahirCompany,Office Deep Cleaning,- Visit Charges,Rs:500,https://mahircompany.com/office-deep-cleaning,image3/mahir_145.jpg
MahirCompany,Restaurant Deep Cleaning,- Visit Charges,Rs:500,https://mahircompany.com/restaurant-deep-cleaning,image3/mahir_146.jpg
MahirCompany,Educational Institute Deep Cleaning,- Visit Charges,Rs:500,https://mahircompany.com/educational-institute-deep-cleaning,image3/mahir_147.jpg
MahirCompany,Hospital Deep Cleaning,- Visit Charges,Rs:500,https://mahircompany.com/hospital-deep-cleaning,image3/mahir_148.jpg
MahirCompany,Salon Deep Cleaning,- Visit Charges,Rs:500,https://mahircompany.com/salon-deep-cleaning,image3/mahir_149.jpg
MahirCompany,Solar Panel Cleaning Services,"Customer Responsibilities
Easy Access on Solar Panels Area
Ladder as per solar Hight
Water connection nearest to Panels
Electricity Connection nearest to Panels
Turnoff and On solar system while Cleaning",Rs:350,https://mahircompany.com/solar-panel-cleaning-3-to-6-kw-services,image3/mahir_150.jpg
MahirCompany,Solar Panel Cleaning Services,"Customer Responsibilities
Easy Access on Solar Panels Area
Ladder as per solar Hight
Water connection nearest to Panels
Electricity Connection nearest to Panels
Turnoff and On solar system while Cleaning",Rs:400,https://mahircompany.com/solar-panel-cleaning-7-to-18-kw-services,image3/mahir_151.jpg
MahirCompany,Solar Cleaning Services,"Customer Responsibilities
Easy Access on Solar Panels Area
Ladder as per solar Hight
Water connection nearest to Panels
Electricity Connection nearest to Panels
Turnoff and On solar system while Cleaning",Rs:320,https://mahircompany.com/solar-cleaning-services,image3/mahir_152.jpg
MahirCompany,Eye Makeup Without Lashes,- Signature Makeup,Rs:3000,https://mahircompany.com/eye-makeup-without-lashes,image3/mahir_153.jpg
MahirCompany,Party Makeup With Free Hairstyling and Lashes,- Signature Makeup,Rs:9000,https://mahircompany.com/party-makeup-with-free-hairstyling-and-lashes,image3/mahir_154.jpg
MahirCompany,Engagement Makeup with Free Hairstyling and Lashes,- Signature Makeup,Rs:11000,https://mahircompany.com/engagement-makeup-with-free-hairstyling-and-lashes,image3/mahir_155.jpg
MahirCompany,Nikkah Makeup with Free Hairstyling and Lashes,- Signature Makeup,Rs:14500,https://mahircompany.com/nikkah-makeup-with-free-hairstyling-and-lashes,image3/mahir_156.jpg
MahirCompany,Barat Makeup,- Signature Makeup,Rs:33000,https://mahircompany.com/barat-makeup,image3/mahir_157.jpg
MahirCompany,Walima Makeup,- Signature Makeup,Rs:29500,https://mahircompany.com/walima-makeup,image3/mahir_158.jpg
MahirCompany,Eye Makeup With Lashes,- Signature Makeup,Rs:3600,https://mahircompany.com/eye-makeup-with-lashes,image3/mahir_159.jpg
MahirCompany,Party Makeup with Hair Styling,- Signature Makeup,Rs:8000,https://mahircompany.com/party-makeup-with-hair-styling,image3/mahir_160.jpg
MahirCompany,Party Makeup,- Signature Makeup,Rs:6000,https://mahircompany.com/party-makeup,image3/mahir_161.jpg
MahirCompany,Hair Dye and Wash,- Without Color,Rs:1750,https://mahircompany.com/hair-dye-and-wash,image3/mahir_162.jpg
MahirCompany,Hair Protein Treatment,- Starting from,Rs:2500,https://mahircompany.com/hair-protein-treatment,image3/mahir_163.jpg
MahirCompany,Hair Dye Application,- Without Color,Rs:1800,https://mahircompany.com/hair-dye-application,image3/mahir_164.jpg
MahirCompany,Shoulder Length Keratin Treatment,- Fixed Price,Rs:10000,https://mahircompany.com/shoulder-length-keratin-treatment,image3/mahir_165.jpg
MahirCompany,Mid Length Keratin Treatment,- Fixed Price,Rs:13000,https://mahircompany.com/mid-length-keratin-treatment,image3/mahir_166.jpg
MahirCompany,Hip Length Keratin Treatment,- Fixed Price,Rs:18000,https://mahircompany.com/hip-length-keratin-treatment,image3/mahir_167.jpg
MahirCompany,Shoulder Length Hair Rebonding,- Fixed Price,Rs:12000,https://mahircompany.com/shoulder-length-hair-rebonding,image3/mahir_168.jpg
MahirCompany,Mid Length Hair Rebonding,- Fixed Price,Rs:16000,https://mahircompany.com/mid-length-hair-rebonding,image3/mahir_169.jpg
MahirCompany,Hip Length Hair Rebonding,- Fixed Price,Rs:20000,https://mahircompany.com/hip-length-hair-rebonding,image3/mahir_170.jpg
MahirCompany,Shoulder Length Highlights,- Without Base Color,Rs:10000,https://mahircompany.com/shoulder-length-highlights,image3/mahir_171.jpg
MahirCompany,Mid Length Highlights,- Without Base Color,Rs:13000,https://mahircompany.com/mid-length-highlights,image3/mahir_172.jpg
MahirCompany,Hip Length Highlights,- Without Base Color,Rs:18000,https://mahircompany.com/hip-length-highlights,image3/mahir_173.jpg
MahirCompany,Shoulder Length Lowlights,- Without Base Color,Rs:10000,https://mahircompany.com/shoulder-length-lowlights,image3/mahir_174.jpg
MahirCompany,Mid Length Lowlights,- Without Base Color,Rs:13000,https://mahircompany.com/mid-length-lowlights,image3/mahir_175.jpg
MahirCompany,Hip Length Lowlights,- Without Base Color,Rs:18000,https://mahircompany.com/hip-length-lowlights,image3/mahir_176.jpg
MahirCompany,Shoulder Length Streaking,- Without Base Color,Rs:10000,https://mahircompany.com/shoulder-length-streaking,image3/mahir_177.jpg
MahirCompany,Mid length Streaking,- Without Base Color,Rs:13000,https://mahircompany.com/mid-length-streaking,image3/mahir_178.jpg
MahirCompany,Hip Length Streaking,- Without Base Color,Rs:18000,https://mahircompany.com/hip-length-streaking,image3/mahir_179.jpg
MahirCompany,Full Body Fruit Wax Except Face,- Discounted Price,Rs:6100,https://mahircompany.com/full-body-fruit-wax-except-face,image3/mahir_180.jpg
MahirCompany,Half Legs-Half Arms with Fruit Wax,- Discounted Price,Rs:2800,https://mahircompany.com/half-legshalf-arms-with-fruit-wax,image3/mahir_181.jpg
MahirCompany,Bikini Wax And Under Arm With Fruit Wax,- Discounted Price,Rs:2900,https://mahircompany.com/bikini-wax-and-under-arm-with-fruit-wax,image3/mahir_182.jpg
MahirCompany,Underarms-Full Arms- with Sugar Wax,- Discounted Price,Rs:2400,https://mahircompany.com/underarmsfull-arms-with-sugar-wax,image3/mahir_183.jpg
MahirCompany,Full Legs Waxing With Sugar Wax,- Discounted Price,Rs:2400,https://mahircompany.com/full-legs-waxing-with-sugar-wax,image3/mahir_184.jpg
MahirCompany,Full Body Sugar Wax Except Face,- With Sugar Wax,Rs:4500,https://mahircompany.com/full-body-sugar-wax-except-face,image3/mahir_185.jpg
MahirCompany,Waxing - Full Face Wax,- Discounted Price,Rs:2400,https://mahircompany.com/waxing-full-face-wax,image3/mahir_186.jpg
MahirCompany,Half Legs And Half Arms with Sugar Wax,- Discounted Price,Rs:2400,https://mahircompany.com/half-legs-and-half-arms-with-sugar-wax,image3/mahir_187.jpg
MahirCompany,Bikini Wax And Under Arm With Sugar Wax,- Discounted Price,Rs:2400,https://mahircompany.com/bikini-wax-and-under-arm-with-sugar-wax,image3/mahir_188.jpg
MahirCompany,Full Legs Waxing With Fruit Wax,- Discounted Price,Rs:2800,https://mahircompany.com/full-legs-waxing-with-fruit-wax,image3/mahir_189.jpg
MahirCompany,Full Legs - Full Arms - Under Legs And Underarms With Sugar Wax,- Discounted Price,Rs:4000,https://mahircompany.com/full-legs-full-arms-under-legs-and-underarms-with-sugar-wax,image3/mahir_190.jpg
MahirCompany,Full Legs - Full Arms - Under Legs And Underarms With Fruit Wax,- Discounted Price,Rs:5600,https://mahircompany.com/full-legs-full-arms-under-legs-and-underarms-with-fruit-wax,image3/mahir_191.jpg
MahirCompany,Half Legs- Full Arms- Underarms with Fruit Wax,- Discounted Price,Rs:3700,https://mahircompany.com/half-legs-full-arms-underarms-with-fruit-wax,image3/mahir_192.jpg
MahirCompany,Underarms-Full Arms- with Fruit Wax,- Discounted Price,Rs:2600,https://mahircompany.com/underarmsfull-arms-with-fruit-wax,image3/mahir_193.jpg
MahirCompany,Full Body Massage - For Half Hour,- Discounted Price,Rs:2500,https://mahircompany.com/full-body-massage-for-half-hour,image3/mahir_194.jpg
MahirCompany,Full Body Massage - For 1 Hour,- Discounted Price,Rs:4000,https://mahircompany.com/full-body-massage-for-1-hour,image3/mahir_195.jpg
MahirCompany,Mani Pedi,- Discounted Price,Rs:3900,https://mahircompany.com/mani-pedi,image3/mahir_196.jpg
MahirCompany,Mani Pedi With Paraffin Wax - Signature,- Discounted Price,Rs:4500,https://mahircompany.com/mani-pedi-with-paraffin-wax-signature,image3/mahir_197.jpg
MahirCompany,Manicure,- Discounted Price,Rs:2400,https://mahircompany.com/manicure,image3/mahir_198.jpg
MahirCompany,Pedicure,- Discounted Price,Rs:2400,https://mahircompany.com/pedicure,image3/mahir_199.jpg
MahirCompany,Mani Pedi With Nail Paint,- Discounted Price,Rs:4080,https://mahircompany.com/mani-pedi-with-nail-paint,image3/mahir_200.jpg
MahirCompany,Gold Facial,- Discounted Price,Rs:4300,https://mahircompany.com/gold-facial,image3/mahir_201.jpg
MahirCompany,Derma Whitening Facial,- Discounted Price,Rs:4800,https://mahircompany.com/derma-whitening-facial,image3/mahir_202.jpg
MahirCompany,Janssen Facial Without Polisher,- Discounted Price,Rs:5600,https://mahircompany.com/janssen-facial-without-polisher,image3/mahir_203.jpg
MahirCompany,Hydra Facial,- Discounted Price,Rs:8000,https://mahircompany.com/hydra-facial,image3/mahir_204.jpg
MahirCompany,Skin Polisher,- Discounted Price,Rs:2400,https://mahircompany.com/skin-polisher,image3/mahir_205.jpg
MahirCompany,Face Cleanser,- Discounted Price,Rs:2800,https://mahircompany.com/face-cleanser,image3/mahir_206.jpg
MahirCompany,Face Polisher With Cleanser,- Discounted Price,Rs:3800,https://mahircompany.com/face-polisher-with-cleanser,image3/mahir_207.jpg
MahirCompany,Janssen Facial With Polisher,- Discounted Price,Rs:6800,https://mahircompany.com/janssen-facial-with-polisher,image3/mahir_208.jpg
MahirCompany,Full Body Polisher Except Face,- Discounted Price,Rs:5200,https://mahircompany.com/full-body-polisher-except-face,image3/mahir_209.jpg
MahirCompany,Full Body Polisher With Face,- Discounted Price,Rs:5900,https://mahircompany.com/full-body-polisher-with-face,image3/mahir_210.jpg
MahirCompany,Bridal Special Mehndi,- Fixed Price,Rs:4999,https://mahircompany.com/bridal-special-mehndi,image3/mahir_211.jpg
MahirCompany,Mehndi On Hand Two Sides,- Fixed Price,Rs:2000,https://mahircompany.com/mehndi-on-hand-two-sides,image3/mahir_212.jpg
MahirCompany,Mehndi On Full Arm One Side,- Fixed Price,Rs:1900,https://mahircompany.com/mehndi-on-full-arm-one-side,image3/mahir_213.jpg
MahirCompany,Mehndi On Full Arms Two Sides,- Fixed Price,Rs:2600,https://mahircompany.com/mehndi-on-full-arms-two-sides,image3/mahir_214.jpg
MahirCompany,Hair Cut with Blow Dry,- Fixed Charges,Rs:2300,https://mahircompany.com/hair-cut-with-blow-dry-hair-styling-and-hair-cut,image3/mahir_215.jpg
MahirCompany,Hair Styling,- Fixed Charges,Rs:2000,https://mahircompany.com/hair-styling-hair-styling-and-hair-cut,image3/mahir_216.jpg
MahirCompany,Child Hair Cut with Hairstyling,- Fixed Charges - Under 10 years,Rs:2000,https://mahircompany.com/child-hair-cut-with-hairstyling-hair-styling-and-hair-cut,image3/mahir_217.jpg
MahirCompany,Wash-Blowdry-Nail Polish and Threading,- Fixed Charges,Rs:2800,https://mahircompany.com/washblowdrynail-polish-and-threading-hair-styling-and-hair-cut,image3/mahir_218.jpg
MahirCompany,Child Hair Cut,- Under 10 years,Rs:1800,https://mahircompany.com/child-hair-cut-hair-styling-and-hair-cut,image3/mahir_219.jpg
MahirCompany,Pookie Beauty Care Package,"Bikini/Underarms Sugar Wax
Full Arms/Half Legs Sugar Wax
Threading(Upper lips/Eyebrows)",Rs:3500,https://mahircompany.com/pookie-beauty-care-package-monthly-beauty-deals,image3/mahir_220.jpg
MahirCompany,Deal 3,"Full Body Rica Wax
Skin Polisher (Face/Hands)
Threading(Upper lips/Eyebrows)",Rs:5800,https://mahircompany.com/deal-3-monthly-beauty-deals,image3/mahir_221.jpg
MahirCompany,Deal 4,"Full Body Sugar Wax
Skin Polisher (Face Only)
Threading(Upper lips/Eyebrows)",Rs:4350,https://mahircompany.com/deal-4-monthly-beauty-deals,image3/mahir_222.jpg
MahirCompany,Student Deal,"Face Polisher OR Manicure
Half Legs & Half Arms With Sugar Wax
Eyebrows & Upper Lips",Rs:3000,https://mahircompany.com/student-deal-monthly-beauty-deals,image3/mahir_223.jpg
MahirCompany,House Wife Deal 1,"Full body Sugar wax/Fruit Wax
Full body massage for half hour
Threading
- Discounted Price
Rs:5150 Rs:4250
4.9
Add
+",Rs:5150,https://mahircompany.com/house-wife-deal-1-monthly-beauty-deals,image3/mahir_224.jpg
MahirCompany,House Wife Deal 3,"Full Legs Full Arms Under Legs And Underarms With Sugar Wax
Full body massage for half hour
Threading
- Discounted Price
Rs:4250 Rs:3400
4.9
Add
+",Rs:4250,https://mahircompany.com/house-wife-deal-3-monthly-beauty-deals,image3/mahir_225.jpg
MahirCompany,Working Women Deal 1,"Full body Sugar/Fruit Wax
Full body massage for half hour
Threading
Mani Pedi
- Discounted Price
Rs:7550 Rs:6250
4.9
Add
+",Rs:7550,https://mahircompany.com/working-women-deal-1-monthly-beauty-deals,image3/mahir_226.jpg
MahirCompany,Pakistani Women Deal,- Full body sugar wax Face polisher Threading,Rs:3000,https://mahircompany.com/pakistani-women-deal-first-monthly-beauty-deals,image3/mahir_227.jpg
MahirCompany,Pakistani Women Deal,- Full body fruit wax Face polisher Threading,Rs:4000,https://mahircompany.com/pakistani-women-deal-second-monthly-beauty-deals,image3/mahir_228.jpg
MahirCompany,Silver Beauty Care Package,"Skin Polish
15 mins Shoulder Massage
ManiPedi
Threading (upper lips & eyebrows)",Rs:4850,https://mahircompany.com/silver-beauty-care-package-salon-packages,image3/mahir_229.jpg
MahirCompany,Gold Beauty Care Package 1,"Full Body Sugar Wax
Gold/Derma Facial
ManiPedi
15 mins Shoulder Massage
Threading (upper lips & eyebrows)",Rs:8550,https://mahircompany.com/gold-beauty-care-package-1-salon-packages,image3/mahir_230.jpg
MahirCompany,Gold Beauty Care Package 2,"Full Body Fruit Wax
Gold/Derma Facial
ManiPedi
15 mins Shoulder Massage
Threading (upper lips & eyebrows)",Rs:9550,https://mahircompany.com/gold-beauty-care-package-2-salon-packages,image3/mahir_231.jpg
MahirCompany,Friend's Shadi Glow Package,"Full Body waxing sugar/Fruit
Facial Gold/Derma
Mani Pedi
Hair Protein treatment
Threading
- Discounted Price
Rs:11850 Rs:9900
4.8
Add
+",Rs:11850,https://mahircompany.com/friends-shadi-glow-package-salon-packages,image3/mahir_232.jpg
MahirCompany,Sister's Wedding Glow Pacakge,"Full Body waxing sugar/Fruit
Facial Gold/Derma
Mani Pedi
Hair Protein treatment
Threading
- Discounted Price
Rs:11850 Rs:9900
4.8
Add
+",Rs:11850,https://mahircompany.com/sisters-wedding-glow-pacakge-salon-packages,image3/mahir_233.jpg
MahirCompany,Pre-Wedding Glow Package,"Full body waxing sugar/fruit
Facial Gold/Derma whitening
15 minutes head & shoulder massage
Mani Pedi
Hair Protein treatment
Threading
- Discounted Price
Rs:10700 Rs:8900
4.9
Add
+",Rs:10700,https://mahircompany.com/prewedding-glow-package-salon-packages,image3/mahir_234.jpg
MahirCompany,Complete Bridal Glow Package,"Wedding Day Package
Full body waxing sugar/fruit
Facial Gold/Derma
Mani Pedi
Mehandi
Barat Makeup
- Discounted Price
Rs:30800 Rs:27500
4.9
Add
+",Rs:30800,https://mahircompany.com/complete-bridal-glow-package-salon-packages,image3/mahir_235.jpg
MahirCompany,Buy 1 Get 1 Free,- Limited Time Offer - Discounted Price,Rs:10000,,image3/mahir_236.jpg
MahirCompany,Generation Deal,- Discounted Price,Rs:4000,,image3/mahir_237.jpg
MahirCompany,Limelight Deal,- Discounted Price,Rs:10000,,image3/mahir_238.jpg
MahirCompany,Sapphire Deal,- Discounted Price,Rs:4000,,image3/mahir_239.jpg
MahirCompany,Nishat Deal,- Discounted Price,Rs:5000,,image3/mahir_240.jpg
